INSERT INTO author(name_author)
VALUES ('Толстой Лев Николаевич'),
       ('Достоевский Федор Михайлович'),
       ('Булгаков Михаил Афанасьевич'),
       ('Пушкин Александр Сергеевич'),
       ('Морис Дрюон'),
       ('Маргарет Митчелл'),
       ('Фицджеральд Фрэнсис Скотт'),
       ('Жюль Верн');


INSERT INTO genre(name_genre)
VALUES ('Роман'),
       ('Поэзия'),
       ('Приключения');


INSERT INTO book(title, author, genre, price, amount)
VALUES ('Мастер и Маргарита', 'Булгаков Михаил Афанасьевич', 'Роман', 780.99, 3),
       ('Белая гвардия', 'Булгаков Михаил Афанасьевич', 'Роман', 560.50, 5),
       ('Идиот', 'Достоевский Федор Михайлович', 'Роман', 499.00, 10),
       ('Братья Карамазовы', 'Достоевский Федор Михайлович', 'Роман', 799.01, 3),
       ('Игрок', 'Достоевский Федор Михайлович', 'Роман', 480.50, 10),
       ('Евгений Онегин', 'Пушкин Александр Сергеевич', 'Поэзия', 399.00, 15),
       ('Унесенные ветром', 'Маргарет Митчелл', 'Роман', 780.20, 6),
       ('Дети капитана Гранта', 'Жюль Верн', 'Приключения', 450.99, 2),
       ('Проклятые короли', 'Морис Дрюон', 'Роман', 999.00, 15),
       ('Война и мир', 'Толстой Лев Николаевич', 'Роман', 850.20, 6),
       ('Великий Гэтсби', 'Фицджеральд Фрэнсис Скотт', 'Роман', 550.99, 2);


INSERT INTO supply(title, author, price, amount)
VALUES ('Белая гвардия', 'Булгаков Михаил Афанасьевич', 540.50, 7),
       ('Идиот', 'Достоевский Федор Михайлович', 360.80, 3);


INSERT INTO customer(name, phone, email)
VALUES ('Водолазкин Сергей Семенович', '8 (916) 000-00-00', 'abc@abc.ab'),
       ('Домоседова Валентина Ивановна', '+7-916-000-00-00', 'a@ab.ab'),
       ('Семенихин Аристарх Антилопович', '916-000-00-00', 'abc.abc@abc.abc')
